"Geographic name, english","Geographic name, french","CSD type, english","CSD type, french","Province / territory, english","Province / territory, french"
Portugal Cove South,Portugal Cove South,Town,Town,Newfoundland and Labrador,Terre-Neuve-et-Labrador
Trepassey,Trepassey,Town,Town,Newfoundland and Labrador,Terre-Neuve-et-Labrador
St. Shott's,St. Shott's,Town,Town,Newfoundland and Labrador,Terre-Neuve-et-Labrador
Cape Broyle,Cape Broyle,Town,Town,Newfoundland and Labrador,Terre-Neuve-et-Labrador
Renews-Cappahayden,Renews-Cappahayden,Town,Town,Newfoundland and Labrador,Terre-Neuve-et-Labrador
Fermeuse,Fermeuse,Town,Town,Newfoundland and Labrador,Terre-Neuve-et-Labrador
Port Kirwan,Port Kirwan,Town,Town,Newfoundland and Labrador,Terre-Neuve-et-Labrador
Aquaforte,Aquaforte,Town,Town,Newfoundland and Labrador,Terre-Neuve-et-Labrador
Ferryland,Ferryland,Town,Town,Newfoundland and Labrador,Terre-Neuve-et-Labrador
St. Vincent's-St. Stephen's-Peter's River,St. Vincent's-St. Stephen's-Peter's River,Town,Town,Newfoundland and Labrador,Terre-Neuve-et-Labrador
Gaskiers-Point La Haye,Gaskiers-Point La Haye,Town,Town,Newfoundland and Labrador,Terre-Neuve-et-Labrador
St. Mary's,St. Mary's,Town,Town,Newfoundland and Labrador,Terre-Neuve-et-Labrador
Riverhead,Riverhead,Town,Town,Newfoundland and Labrador,Terre-Neuve-et-Labrador
Admirals Beach,Admirals Beach,Town,Town,Newfoundland and Labrador,Terre-Neuve-et-Labrador
St. Joseph's,St. Joseph's,Town,Town,Newfoundland and Labrador,Terre-Neuve-et-Labrador
Mount Carmel-Mitchells Brook-St. Catherine's,Mount Carmel-Mitchells Brook-St. Catherine's,Town,Town,Newfoundland and Labrador,Terre-Neuve-et-Labrador
Colinet,Colinet,Town,Town,Newfoundland and Labrador,Terre-Neuve-et-Labrador
Branch,Branch,Town,Town,Newfoundland and Labrador,Terre-Neuve-et-Labrador
Point Lance,Point Lance,Town,Town,Newfoundland and Labrador,Terre-Neuve-et-Labrador
St. Bride's,St. Bride's,Town,Town,Newfoundland and Labrador,Terre-Neuve-et-Labrador
Placentia,Placentia,Town,Town,Newfoundland and Labrador,Terre-Neuve-et-Labrador
Fox Harbour,Fox Harbour,Town,Town,Newfoundland and Labrador,Terre-Neuve-et-Labrador
Long Harbour-Mount Arlington Heights,Long Harbour-Mount Arlington Heights,Town,Town,Newfoundland and Labrador,Terre-Neuve-et-Labrador
Southern Harbour,Southern Harbour,Town,Town,Newfoundland and Labrador,Terre-Neuve-et-Labrador
Arnold's Cove,Arnold's Cove,Town,Town,Newfoundland and Labrador,Terre-Neuve-et-Labrador
Come By Chance,Come By Chance,Town,Town,Newfoundland and Labrador,Terre-Neuve-et-Labrador
Sunnyside,Sunnyside,Town,Town,Newfoundland and Labrador,Terre-Neuve-et-Labrador
Chance Cove,Chance Cove,Town,Town,Newfoundland and Labrador,Terre-Neuve-et-Labrador
Norman's Cove-Long Cove,Norman's Cove-Long Cove,Town,Town,Newfoundland and Labrador,Terre-Neuve-et-Labrador
Chapel Arm,Chapel Arm,Town,Town,Newfoundland and Labrador,Terre-Neuve-et-Labrador
Whitbourne,Whitbourne,Town,Town,Newfoundland and Labrador,Terre-Neuve-et-Labrador
Whiteway,Whiteway,Town,Town,Newfoundland and Labrador,Terre-Neuve-et-Labrador
Heart's Delight-Islington,Heart's Delight-Islington,Town,Town,Newfoundland and Labrador,Terre-Neuve-et-Labrador
Heart's Desire,Heart's Desire,Town,Town,Newfoundland and Labrador,Terre-Neuve-et-Labrador
Heart's Content,Heart's Content,Town,Town,Newfoundland and Labrador,Terre-Neuve-et-Labrador
New Perlican,New Perlican,Town,Town,Newfoundland and Labrador,Terre-Neuve-et-Labrador
Winterton,Winterton,Town,Town,Newfoundland and Labrador,Terre-Neuve-et-Labrador
Hant's Harbour,Hant's Harbour,Town,Town,Newfoundland and Labrador,Terre-Neuve-et-Labrador
Old Perlican,Old Perlican,Town,Town,Newfoundland and Labrador,Terre-Neuve-et-Labrador
Bay de Verde,Bay de Verde,Town,Town,Newfoundland and Labrador,Terre-Neuve-et-Labrador
Small Point-Adam's Cove-Blackhead-Broad Cove,Small Point-Adam's Cove-Blackhead-Broad Cove,Town,Town,Newfoundland and Labrador,Terre-Neuve-et-Labrador
Salmon Cove,Salmon Cove,Town,Town,Newfoundland and Labrador,Terre-Neuve-et-Labrador
Victoria,Victoria,Town,Town,Newfoundland and Labrador,Terre-Neuve-et-Labrador
Carbonear,Carbonear,Town,Town,Newfoundland and Labrador,Terre-Neuve-et-Labrador
Bryant's Cove,Bryant's Cove,Town,Town,Newfoundland and Labrador,Terre-Neuve-et-Labrador
Harbour Grace,Harbour Grace,Town,Town,Newfoundland and Labrador,Terre-Neuve-et-Labrador
Upper Island Cove,Upper Island Cove,Town,Town,Newfoundland and Labrador,Terre-Neuve-et-Labrador
Bishop's Cove,Bishop's Cove,Town,Town,Newfoundland and Labrador,Terre-Neuve-et-Labrador
Spaniard's Bay,Spaniard's Bay,Town,Town,Newfoundland and Labrador,Terre-Neuve-et-Labrador
Bay Roberts,Bay Roberts,Town,Town,Newfoundland and Labrador,Terre-Neuve-et-Labrador
North River,North River,Town,Town,Newfoundland and Labrador,Terre-Neuve-et-Labrador
Clarke's Beach,Clarke's Beach,Town,Town,Newfoundland and Labrador,Terre-Neuve-et-Labrador
South River,South River,Town,Town,Newfoundland and Labrador,Terre-Neuve-et-Labrador
Cupids,Cupids,Town,Town,Newfoundland and Labrador,Terre-Neuve-et-Labrador
Brigus,Brigus,Town,Town,Newfoundland and Labrador,Terre-Neuve-et-Labrador
Colliers,Colliers,Town,Town,Newfoundland and Labrador,Terre-Neuve-et-Labrador
Conception Harbour,Conception Harbour,Town,Town,Newfoundland and Labrador,Terre-Neuve-et-Labrador
Avondale,Avondale,Town,Town,Newfoundland and Labrador,Terre-Neuve-et-Labrador
Harbour Main-Chapel's Cove-Lakeview,Harbour Main-Chapel's Cove-Lakeview,Town,Town,Newfoundland and Labrador,Terre-Neuve-et-Labrador
Holyrood,Holyrood,Town,Town,Newfoundland and Labrador,Terre-Neuve-et-Labrador
Conception Bay South,Conception Bay South,Town,Town,Newfoundland and Labrador,Terre-Neuve-et-Labrador
Wabana,Wabana,Town,Town,Newfoundland and Labrador,Terre-Neuve-et-Labrador
Portugal Cove-St. Philip's,Portugal Cove-St. Philip's,Town,Town,Newfoundland and Labrador,Terre-Neuve-et-Labrador
Pouch Cove,Pouch Cove,Town,Town,Newfoundland and Labrador,Terre-Neuve-et-Labrador
Flatrock,Flatrock,Town,Town,Newfoundland and Labrador,Terre-Neuve-et-Labrador
Torbay,Torbay,Town,Town,Newfoundland and Labrador,Terre-Neuve-et-Labrador
Logy Bay-Middle Cove-Outer Cove,Logy Bay-Middle Cove-Outer Cove,Town,Town,Newfoundland and Labrador,Terre-Neuve-et-Labrador
Bauline,Bauline,Town,Town,Newfoundland and Labrador,Terre-Neuve-et-Labrador
Paradise,Paradise,Town,Town,Newfoundland and Labrador,Terre-Neuve-et-Labrador
St. John's,St. John's,City,City,Newfoundland and Labrador,Terre-Neuve-et-Labrador
Mount Pearl,Mount Pearl,City,City,Newfoundland and Labrador,Terre-Neuve-et-Labrador
Petty Harbour-Maddox Cove,Petty Harbour-Maddox Cove,Town,Town,Newfoundland and Labrador,Terre-Neuve-et-Labrador
Bay Bulls,Bay Bulls,Town,Town,Newfoundland and Labrador,Terre-Neuve-et-Labrador
Witless Bay,Witless Bay,Town,Town,Newfoundland and Labrador,Terre-Neuve-et-Labrador
Lewin's Cove,Lewin's Cove,Town,Town,Newfoundland and Labrador,Terre-Neuve-et-Labrador
Burin,Burin,Town,Town,Newfoundland and Labrador,Terre-Neuve-et-Labrador
St. Lawrence,St. Lawrence,Town,Town,Newfoundland and Labrador,Terre-Neuve-et-Labrador
Lawn,Lawn,Town,Town,Newfoundland and Labrador,Terre-Neuve-et-Labrador
Lamaline,Lamaline,Town,Town,Newfoundland and Labrador,Terre-Neuve-et-Labrador
Lord's Cove,Lord's Cove,Town,Town,Newfoundland and Labrador,Terre-Neuve-et-Labrador
Point May,Point May,Town,Town,Newfoundland and Labrador,Terre-Neuve-et-Labrador
Point au Gaul,Point au Gaul,Town,Town,Newfoundland and Labrador,Terre-Neuve-et-Labrador
Frenchman's Cove,Frenchman's Cove,Town,Town,Newfoundland and Labrador,Terre-Neuve-et-Labrador
Fortune,Fortune,Town,Town,Newfoundland and Labrador,Terre-Neuve-et-Labrador
Grand Bank,Grand Bank,Town,Town,Newfoundland and Labrador,Terre-Neuve-et-Labrador
Garnish,Garnish,Town,Town,Newfoundland and Labrador,Terre-Neuve-et-Labrador
Winterland,Winterland,Town,Town,Newfoundland and Labrador,Terre-Neuve-et-Labrador
Marystown,Marystown,Town,Town,Newfoundland and Labrador,Terre-Neuve-et-Labrador
Fox Cove-Mortier,Fox Cove-Mortier,Town,Town,Newfoundland and Labrador,Terre-Neuve-et-Labrador
Bay L'Argent,Bay L'Argent,Town,Town,Newfoundland and Labrador,Terre-Neuve-et-Labrador
Grand le Pierre,Grand le Pierre,Town,Town,Newfoundland and Labrador,Terre-Neuve-et-Labrador
Rushoon,Rushoon,Town,Town,Newfoundland and Labrador,Terre-Neuve-et-Labrador
Parkers Cove,Parkers Cove,Town,Town,Newfoundland and Labrador,Terre-Neuve-et-Labrador
Terrenceville,Terrenceville,Town,Town,Newfoundland and Labrador,Terre-Neuve-et-Labrador
Red Harbour,Red Harbour,Town,Town,Newfoundland and Labrador,Terre-Neuve-et-Labrador
English Harbour East,English Harbour East,Town,Town,Newfoundland and Labrador,Terre-Neuve-et-Labrador
Baine Harbour,Baine Harbour,Town,Town,Newfoundland and Labrador,Terre-Neuve-et-Labrador
St. Bernard's-Jacques Fontaine,St. Bernard's-Jacques Fontaine,Town,Town,Newfoundland and Labrador,Terre-Neuve-et-Labrador
Little Bay East,Little Bay East,Town,Town,Newfoundland and Labrador,Terre-Neuve-et-Labrador
Rencontre East,Rencontre East,Town,Town,Newfoundland and Labrador,Terre-Neuve-et-Labrador
St. Jacques-Coomb's Cove,St. Jacques-Coomb's Cove,Town,Town,Newfoundland and Labrador,Terre-Neuve-et-Labrador
Belleoram,Belleoram,Town,Town,Newfoundland and Labrador,Terre-Neuve-et-Labrador
Pool's Cove,Pool's Cove,Town,Town,Newfoundland and Labrador,Terre-Neuve-et-Labrador
Harbour Breton,Harbour Breton,Town,Town,Newfoundland and Labrador,Terre-Neuve-et-Labrador
Seal Cove (Fortune Bay),Seal Cove (Fortune Bay),Town,Town,Newfoundland and Labrador,Terre-Neuve-et-Labrador
Hermitage-Sandyville,Hermitage-Sandyville,Town,Town,Newfoundland and Labrador,Terre-Neuve-et-Labrador
Gaultois,Gaultois,Town,Town,Newfoundland and Labrador,Terre-Neuve-et-Labrador
Milltown-Head of Bay d'Espoir,Milltown-Head of Bay d'Espoir,Town,Town,Newfoundland and Labrador,Terre-Neuve-et-Labrador
St. Alban's,St. Alban's,Town,Town,Newfoundland and Labrador,Terre-Neuve-et-Labrador
Morrisville,Morrisville,Town,Town,Newfoundland and Labrador,Terre-Neuve-et-Labrador
Ramea,Ramea,Town,Town,Newfoundland and Labrador,Terre-Neuve-et-Labrador
Burgeo,Burgeo,Town,Town,Newfoundland and Labrador,Terre-Neuve-et-Labrador
Isle aux Morts,Isle aux Morts,Town,Town,Newfoundland and Labrador,Terre-Neuve-et-Labrador
Burnt Islands,Burnt Islands,Town,Town,Newfoundland and Labrador,Terre-Neuve-et-Labrador
Channel-Port aux Basques,Channel-Port aux Basques,Town,Town,Newfoundland and Labrador,Terre-Neuve-et-Labrador
Rose Blanche-Harbour le Cou,Rose Blanche-Harbour le Cou,Town,Town,Newfoundland and Labrador,Terre-Neuve-et-Labrador
St. George's,St. George's,Town,Town,Newfoundland and Labrador,Terre-Neuve-et-Labrador
Gallants,Gallants,Town,Town,Newfoundland and Labrador,Terre-Neuve-et-Labrador
Stephenville Crossing,Stephenville Crossing,Town,Town,Newfoundland and Labrador,Terre-Neuve-et-Labrador
Stephenville,Stephenville,Town,Town,Newfoundland and Labrador,Terre-Neuve-et-Labrador
Kippens,Kippens,Town,Town,Newfoundland and Labrador,Terre-Neuve-et-Labrador
Port au Port East,Port au Port East,Town,Town,Newfoundland and Labrador,Terre-Neuve-et-Labrador
Cape St. George,Cape St. George,Town,Town,Newfoundland and Labrador,Terre-Neuve-et-Labrador
Lourdes,Lourdes,Town,Town,Newfoundland and Labrador,Terre-Neuve-et-Labrador
Port au Port West-Aguathuna-Felix Cove,Port au Port West-Aguathuna-Felix Cove,Town,Town,Newfoundland and Labrador,Terre-Neuve-et-Labrador
Deer Lake,Deer Lake,Town,Town,Newfoundland and Labrador,Terre-Neuve-et-Labrador
Jackson's Arm,Jackson's Arm,Town,Town,Newfoundland and Labrador,Terre-Neuve-et-Labrador
Howley,Howley,Town,Town,Newfoundland and Labrador,Terre-Neuve-et-Labrador
Hampden,Hampden,Town,Town,Newfoundland and Labrador,Terre-Neuve-et-Labrador
Reidville,Reidville,Town,Town,Newfoundland and Labrador,Terre-Neuve-et-Labrador
Steady Brook,Steady Brook,Town,Town,Newfoundland and Labrador,Terre-Neuve-et-Labrador
Pasadena,Pasadena,Town,Town,Newfoundland and Labrador,Terre-Neuve-et-Labrador
Cormack,Cormack,Town,Town,Newfoundland and Labrador,Terre-Neuve-et-Labrador
Gillams,Gillams,Town,Town,Newfoundland and Labrador,Terre-Neuve-et-Labrador
Massey Drive,Massey Drive,Town,Town,Newfoundland and Labrador,Terre-Neuve-et-Labrador
Corner Brook,Corner Brook,City,City,Newfoundland and Labrador,Terre-Neuve-et-Labrador
Humber Arm South,Humber Arm South,Town,Town,Newfoundland and Labrador,Terre-Neuve-et-Labrador
McIvers,McIvers,Town,Town,Newfoundland and Labrador,Terre-Neuve-et-Labrador
Cox's Cove,Cox's Cove,Town,Town,Newfoundland and Labrador,Terre-Neuve-et-Labrador
Lark Harbour,Lark Harbour,Town,Town,Newfoundland and Labrador,Terre-Neuve-et-Labrador
Meadows,Meadows,Town,Town,Newfoundland and Labrador,Terre-Neuve-et-Labrador
Hughes Brook,Hughes Brook,Town,Town,Newfoundland and Labrador,Terre-Neuve-et-Labrador
Irishtown-Summerside,Irishtown-Summerside,Town,Town,Newfoundland and Labrador,Terre-Neuve-et-Labrador
Mount Moriah,Mount Moriah,Town,Town,Newfoundland and Labrador,Terre-Neuve-et-Labrador
York Harbour,York Harbour,Town,Town,Newfoundland and Labrador,Terre-Neuve-et-Labrador
Norris Arm,Norris Arm,Town,Town,Newfoundland and Labrador,Terre-Neuve-et-Labrador
Gander,Gander,Town,Town,Newfoundland and Labrador,Terre-Neuve-et-Labrador
Appleton,Appleton,Town,Town,Newfoundland and Labrador,Terre-Neuve-et-Labrador
Glenwood,Glenwood,Town,Town,Newfoundland and Labrador,Terre-Neuve-et-Labrador
Northern Arm,Northern Arm,Town,Town,Newfoundland and Labrador,Terre-Neuve-et-Labrador
Grand Falls-Windsor,Grand Falls-Windsor,Town,Town,Newfoundland and Labrador,Terre-Neuve-et-Labrador
Bishop's Falls,Bishop's Falls,Town,Town,Newfoundland and Labrador,Terre-Neuve-et-Labrador
Peterview,Peterview,Town,Town,Newfoundland and Labrador,Terre-Neuve-et-Labrador
Botwood,Botwood,Town,Town,Newfoundland and Labrador,Terre-Neuve-et-Labrador
Badger,Badger,Town,Town,Newfoundland and Labrador,Terre-Neuve-et-Labrador
Millertown,Millertown,Town,Town,Newfoundland and Labrador,Terre-Neuve-et-Labrador
Buchans,Buchans,Town,Town,Newfoundland and Labrador,Terre-Neuve-et-Labrador
Clarenville,Clarenville,Town,Town,Newfoundland and Labrador,Terre-Neuve-et-Labrador
Trinity (Trinity Bay),Trinity (Trinity Bay),Town,Town,Newfoundland and Labrador,Terre-Neuve-et-Labrador
Port Rexton,Port Rexton,Town,Town,Newfoundland and Labrador,Terre-Neuve-et-Labrador
Elliston,Elliston,Town,Town,Newfoundland and Labrador,Terre-Neuve-et-Labrador
Trinity Bay North,Trinity Bay North,Town,Town,Newfoundland and Labrador,Terre-Neuve-et-Labrador
Bonavista,Bonavista,Town,Town,Newfoundland and Labrador,Terre-Neuve-et-Labrador
Keels,Keels,Town,Town,Newfoundland and Labrador,Terre-Neuve-et-Labrador
Duntara,Duntara,Town,Town,Newfoundland and Labrador,Terre-Neuve-et-Labrador
King's Cove,King's Cove,Town,Town,Newfoundland and Labrador,Terre-Neuve-et-Labrador
Musgravetown,Musgravetown,Town,Town,Newfoundland and Labrador,Terre-Neuve-et-Labrador
Port Blandford,Port Blandford,Town,Town,Newfoundland and Labrador,Terre-Neuve-et-Labrador
Traytown,Traytown,Town,Town,Newfoundland and Labrador,Terre-Neuve-et-Labrador
Sandy Cove,Sandy Cove,Town,Town,Newfoundland and Labrador,Terre-Neuve-et-Labrador
Terra Nova,Terra Nova,Town,Town,Newfoundland and Labrador,Terre-Neuve-et-Labrador
Happy Adventure,Happy Adventure,Town,Town,Newfoundland and Labrador,Terre-Neuve-et-Labrador
Eastport,Eastport,Town,Town,Newfoundland and Labrador,Terre-Neuve-et-Labrador
Sandringham,Sandringham,Town,Town,Newfoundland and Labrador,Terre-Neuve-et-Labrador
Glovertown,Glovertown,Town,Town,Newfoundland and Labrador,Terre-Neuve-et-Labrador
Salvage,Salvage,Town,Town,Newfoundland and Labrador,Terre-Neuve-et-Labrador
Gambo,Gambo,Town,Town,Newfoundland and Labrador,Terre-Neuve-et-Labrador
St. Brendan's,St. Brendan's,Town,Town,Newfoundland and Labrador,Terre-Neuve-et-Labrador
Hare Bay,Hare Bay,Town,Town,Newfoundland and Labrador,Terre-Neuve-et-Labrador
Centreville-Wareham-Trinity,Centreville-Wareham-Trinity,Town,Town,Newfoundland and Labrador,Terre-Neuve-et-Labrador
Greenspond,Greenspond,Town,Town,Newfoundland and Labrador,Terre-Neuve-et-Labrador
Dover,Dover,Town,Town,Newfoundland and Labrador,Terre-Neuve-et-Labrador
New-Wes-Valley,New-Wes-Valley,Town,Town,Newfoundland and Labrador,Terre-Neuve-et-Labrador
Indian Bay,Indian Bay,Town,Town,Newfoundland and Labrador,Terre-Neuve-et-Labrador
Lumsden,Lumsden,Town,Town,Newfoundland and Labrador,Terre-Neuve-et-Labrador
Musgrave Harbour,Musgrave Harbour,Town,Town,Newfoundland and Labrador,Terre-Neuve-et-Labrador
Carmanville,Carmanville,Town,Town,Newfoundland and Labrador,Terre-Neuve-et-Labrador
Change Islands,Change Islands,Town,Town,Newfoundland and Labrador,Terre-Neuve-et-Labrador
Crow Head,Crow Head,Town,Town,Newfoundland and Labrador,Terre-Neuve-et-Labrador
Cottlesville,Cottlesville,Town,Town,Newfoundland and Labrador,Terre-Neuve-et-Labrador
Summerford,Summerford,Town,Town,Newfoundland and Labrador,Terre-Neuve-et-Labrador
Twillingate,Twillingate,Town,Town,Newfoundland and Labrador,Terre-Neuve-et-Labrador
Campbellton,Campbellton,Town,Town,Newfoundland and Labrador,Terre-Neuve-et-Labrador
Birchy Bay,Birchy Bay,Town,Town,Newfoundland and Labrador,Terre-Neuve-et-Labrador
Comfort Cove-Newstead,Comfort Cove-Newstead,Town,Town,Newfoundland and Labrador,Terre-Neuve-et-Labrador
Baytona,Baytona,Town,Town,Newfoundland and Labrador,Terre-Neuve-et-Labrador
Embree,Embree,Town,Town,Newfoundland and Labrador,Terre-Neuve-et-Labrador
Lewisporte,Lewisporte,Town,Town,Newfoundland and Labrador,Terre-Neuve-et-Labrador
Little Burnt Bay,Little Burnt Bay,Town,Town,Newfoundland and Labrador,Terre-Neuve-et-Labrador
Point of Bay,Point of Bay,Town,Town,Newfoundland and Labrador,Terre-Neuve-et-Labrador
Leading Tickles,Leading Tickles,Town,Town,Newfoundland and Labrador,Terre-Neuve-et-Labrador
Point Leamington,Point Leamington,Town,Town,Newfoundland and Labrador,Terre-Neuve-et-Labrador
Pilley's Island,Pilley's Island,Town,Town,Newfoundland and Labrador,Terre-Neuve-et-Labrador
Triton,Triton,Town,Town,Newfoundland and Labrador,Terre-Neuve-et-Labrador
Brighton,Brighton,Town,Town,Newfoundland and Labrador,Terre-Neuve-et-Labrador
Lushes Bight-Beaumont-Beaumont North,Lushes Bight-Beaumont-Beaumont North,Town,Town,Newfoundland and Labrador,Terre-Neuve-et-Labrador
South Brook,South Brook,Town,Town,Newfoundland and Labrador,Terre-Neuve-et-Labrador
Robert's Arm,Robert's Arm,Town,Town,Newfoundland and Labrador,Terre-Neuve-et-Labrador
Springdale,Springdale,Town,Town,Newfoundland and Labrador,Terre-Neuve-et-Labrador
Port Anson,Port Anson,Town,Town,Newfoundland and Labrador,Terre-Neuve-et-Labrador
Little Bay,Little Bay,Town,Town,Newfoundland and Labrador,Terre-Neuve-et-Labrador
Little Bay Islands,Little Bay Islands,Town,Town,Newfoundland and Labrador,Terre-Neuve-et-Labrador
Beachside,Beachside,Town,Town,Newfoundland and Labrador,Terre-Neuve-et-Labrador
King's Point,King's Point,Town,Town,Newfoundland and Labrador,Terre-Neuve-et-Labrador
Nippers Harbour,Nippers Harbour,Town,Town,Newfoundland and Labrador,Terre-Neuve-et-Labrador
Burlington,Burlington,Town,Town,Newfoundland and Labrador,Terre-Neuve-et-Labrador
Middle Arm,Middle Arm,Town,Town,Newfoundland and Labrador,Terre-Neuve-et-Labrador
Tilt Cove,Tilt Cove,Town,Town,Newfoundland and Labrador,Terre-Neuve-et-Labrador
Fleur de Lys,Fleur de Lys,Town,Town,Newfoundland and Labrador,Terre-Neuve-et-Labrador
LaScie,LaScie,Town,Town,Newfoundland and Labrador,Terre-Neuve-et-Labrador
Brent's Cove,Brent's Cove,Town,Town,Newfoundland and Labrador,Terre-Neuve-et-Labrador
Pacquet,Pacquet,Town,Town,Newfoundland and Labrador,Terre-Neuve-et-Labrador
Baie Verte,Baie Verte,Town,Town,Newfoundland and Labrador,Terre-Neuve-et-Labrador
Seal Cove (White Bay),Seal Cove (White Bay),Town,Town,Newfoundland and Labrador,Terre-Neuve-et-Labrador
Coachman's Cove,Coachman's Cove,Town,Town,Newfoundland and Labrador,Terre-Neuve-et-Labrador
Westport,Westport,Town,Town,Newfoundland and Labrador,Terre-Neuve-et-Labrador
Ming's Bight,Ming's Bight,Town,Town,Newfoundland and Labrador,Terre-Neuve-et-Labrador
Woodstock,Woodstock,Town,Town,Newfoundland and Labrador,Terre-Neuve-et-Labrador
Miles Cove,Miles Cove,Town,Town,Newfoundland and Labrador,Terre-Neuve-et-Labrador
Fogo Island,Fogo Island,Town,Town,Newfoundland and Labrador,Terre-Neuve-et-Labrador
Englee,Englee,Town,Town,Newfoundland and Labrador,Terre-Neuve-et-Labrador
Roddickton-Bide Arm,Roddickton-Bide Arm,Town,Town,Newfoundland and Labrador,Terre-Neuve-et-Labrador
Conche,Conche,Town,Town,Newfoundland and Labrador,Terre-Neuve-et-Labrador
Trout River,Trout River,Town,Town,Newfoundland and Labrador,Terre-Neuve-et-Labrador
"Woody Point, Bonne Bay","Woody Point, Bonne Bay",Town,Town,Newfoundland and Labrador,Terre-Neuve-et-Labrador
Norris Point,Norris Point,Town,Town,Newfoundland and Labrador,Terre-Neuve-et-Labrador
Rocky Harbour,Rocky Harbour,Town,Town,Newfoundland and Labrador,Terre-Neuve-et-Labrador
Daniel's Harbour,Daniel's Harbour,Town,Town,Newfoundland and Labrador,Terre-Neuve-et-Labrador
Cow Head,Cow Head,Town,Town,Newfoundland and Labrador,Terre-Neuve-et-Labrador
Parson's Pond,Parson's Pond,Town,Town,Newfoundland and Labrador,Terre-Neuve-et-Labrador
Hawke's Bay,Hawke's Bay,Town,Town,Newfoundland and Labrador,Terre-Neuve-et-Labrador
Port Saunders,Port Saunders,Town,Town,Newfoundland and Labrador,Terre-Neuve-et-Labrador
St. Pauls,St. Pauls,Town,Town,Newfoundland and Labrador,Terre-Neuve-et-Labrador
Port au Choix,Port au Choix,Town,Town,Newfoundland and Labrador,Terre-Neuve-et-Labrador
Anchor Point,Anchor Point,Town,Town,Newfoundland and Labrador,Terre-Neuve-et-Labrador
Flower's Cove,Flower's Cove,Town,Town,Newfoundland and Labrador,Terre-Neuve-et-Labrador
Bird Cove,Bird Cove,Town,Town,Newfoundland and Labrador,Terre-Neuve-et-Labrador
Main Brook,Main Brook,Town,Town,Newfoundland and Labrador,Terre-Neuve-et-Labrador
St. Anthony,St. Anthony,Town,Town,Newfoundland and Labrador,Terre-Neuve-et-Labrador
Glenburnie-Birchy Head-Shoal Brook,Glenburnie-Birchy Head-Shoal Brook,Town,Town,Newfoundland and Labrador,Terre-Neuve-et-Labrador
St. Lunaire-Griquet,St. Lunaire-Griquet,Town,Town,Newfoundland and Labrador,Terre-Neuve-et-Labrador
Cook's Harbour,Cook's Harbour,Town,Town,Newfoundland and Labrador,Terre-Neuve-et-Labrador
Raleigh,Raleigh,Town,Town,Newfoundland and Labrador,Terre-Neuve-et-Labrador
Sally's Cove,Sally's Cove,Town,Town,Newfoundland and Labrador,Terre-Neuve-et-Labrador
Goose Cove East,Goose Cove East,Town,Town,Newfoundland and Labrador,Terre-Neuve-et-Labrador
Bellburns,Bellburns,Town,Town,Newfoundland and Labrador,Terre-Neuve-et-Labrador
River of Ponds,River of Ponds,Town,Town,Newfoundland and Labrador,Terre-Neuve-et-Labrador
L'Anse au Loup,L'Anse au Loup,Town,Town,Newfoundland and Labrador,Terre-Neuve-et-Labrador
Red Bay,Red Bay,Town,Town,Newfoundland and Labrador,Terre-Neuve-et-Labrador
L'Anse-au-Clair,L'Anse-au-Clair,Town,Town,Newfoundland and Labrador,Terre-Neuve-et-Labrador
Forteau,Forteau,Town,Town,Newfoundland and Labrador,Terre-Neuve-et-Labrador
West St. Modeste,West St. Modeste,Town,Town,Newfoundland and Labrador,Terre-Neuve-et-Labrador
Pinware,Pinware,Town,Town,Newfoundland and Labrador,Terre-Neuve-et-Labrador
Port Hope Simpson,Port Hope Simpson,Town,Town,Newfoundland and Labrador,Terre-Neuve-et-Labrador
St. Lewis,St. Lewis,Town,Town,Newfoundland and Labrador,Terre-Neuve-et-Labrador
Mary's Harbour,Mary's Harbour,Town,Town,Newfoundland and Labrador,Terre-Neuve-et-Labrador
"Cartwright, Labrador","Cartwright, Labrador",Town,Town,Newfoundland and Labrador,Terre-Neuve-et-Labrador
Charlottetown (Labrador),Charlottetown (Labrador),Town,Town,Newfoundland and Labrador,Terre-Neuve-et-Labrador
North West River,North West River,Town,Town,Newfoundland and Labrador,Terre-Neuve-et-Labrador
Happy Valley-Goose Bay,Happy Valley-Goose Bay,Town,Town,Newfoundland and Labrador,Terre-Neuve-et-Labrador
Labrador City,Labrador City,Town,Town,Newfoundland and Labrador,Terre-Neuve-et-Labrador
Wabush,Wabush,Town,Town,Newfoundland and Labrador,Terre-Neuve-et-Labrador
Rigolet,Rigolet,Town,Town,Newfoundland and Labrador,Terre-Neuve-et-Labrador
Postville,Postville,Town,Town,Newfoundland and Labrador,Terre-Neuve-et-Labrador
Makkovik,Makkovik,Town,Town,Newfoundland and Labrador,Terre-Neuve-et-Labrador
Hopedale,Hopedale,Town,Town,Newfoundland and Labrador,Terre-Neuve-et-Labrador
Nain,Nain,Town,Town,Newfoundland and Labrador,Terre-Neuve-et-Labrador
Montague,Montague,Town,Town,Prince Edward Island,�le-du-Prince-�douard
Georgetown,Georgetown,Town,Town,Prince Edward Island,�le-du-Prince-�douard
Souris,Souris,Town,Town,Prince Edward Island,�le-du-Prince-�douard
Charlottetown,Charlottetown,City,City,Prince Edward Island,�le-du-Prince-�douard
Stratford,Stratford,Town,Town,Prince Edward Island,�le-du-Prince-�douard
Cornwall,Cornwall,Town,Town,Prince Edward Island,�le-du-Prince-�douard
Borden-Carleton,Borden-Carleton,Town,Town,Prince Edward Island,�le-du-Prince-�douard
Kensington,Kensington,Town,Town,Prince Edward Island,�le-du-Prince-�douard
Summerside,Summerside,City,City,Prince Edward Island,�le-du-Prince-�douard
Alberton,Alberton,Town,Town,Prince Edward Island,�le-du-Prince-�douard
Clark's Harbour,Clark's Harbour,Town,Town,Nova Scotia,Nouvelle-�cosse
Shelburne,Shelburne,Town,Town,Nova Scotia,Nouvelle-�cosse
Lockeport,Lockeport,Town,Town,Nova Scotia,Nouvelle-�cosse
Yarmouth,Yarmouth,Town,Town,Nova Scotia,Nouvelle-�cosse
Digby,Digby,Town,Town,Nova Scotia,Nouvelle-�cosse
Annapolis Royal,Annapolis Royal,Town,Town,Nova Scotia,Nouvelle-�cosse
Middleton,Middleton,Town,Town,Nova Scotia,Nouvelle-�cosse
Bridgewater,Bridgewater,Town,Town,Nova Scotia,Nouvelle-�cosse
Lunenburg,Lunenburg,Town,Town,Nova Scotia,Nouvelle-�cosse
Mahone Bay,Mahone Bay,Town,Town,Nova Scotia,Nouvelle-�cosse
Berwick,Berwick,Town,Town,Nova Scotia,Nouvelle-�cosse
Kentville,Kentville,Town,Town,Nova Scotia,Nouvelle-�cosse
Wolfville,Wolfville,Town,Town,Nova Scotia,Nouvelle-�cosse
Windsor,Windsor,Town,Town,Nova Scotia,Nouvelle-�cosse
Stewiacke,Stewiacke,Town,Town,Nova Scotia,Nouvelle-�cosse
Truro,Truro,Town,Town,Nova Scotia,Nouvelle-�cosse
Parrsboro,Parrsboro,Town,Town,Nova Scotia,Nouvelle-�cosse
Amherst,Amherst,Town,Town,Nova Scotia,Nouvelle-�cosse
Oxford,Oxford,Town,Town,Nova Scotia,Nouvelle-�cosse
Pictou,Pictou,Town,Town,Nova Scotia,Nouvelle-�cosse
Westville,Westville,Town,Town,Nova Scotia,Nouvelle-�cosse
Stellarton,Stellarton,Town,Town,Nova Scotia,Nouvelle-�cosse
New Glasgow,New Glasgow,Town,Town,Nova Scotia,Nouvelle-�cosse
Trenton,Trenton,Town,Town,Nova Scotia,Nouvelle-�cosse
Mulgrave,Mulgrave,Town,Town,Nova Scotia,Nouvelle-�cosse
Antigonish,Antigonish,Town,Town,Nova Scotia,Nouvelle-�cosse
Port Hawkesbury,Port Hawkesbury,Town,Town,Nova Scotia,Nouvelle-�cosse
Saint John,Saint John,City,Cit�,New Brunswick,Nouveau-Brunswick
St. George,St. George,Town,Ville,New Brunswick,Nouveau-Brunswick
Saint Andrews,Saint Andrews,Town,Ville,New Brunswick,Nouveau-Brunswick
St. Stephen,St. Stephen,Town,Ville,New Brunswick,Nouveau-Brunswick
Oromocto,Oromocto,Town,Ville,New Brunswick,Nouveau-Brunswick
Hampton,Hampton,Town,Ville,New Brunswick,Nouveau-Brunswick
Grand Bay-Westfield,Grand Bay-Westfield,Town,Ville,New Brunswick,Nouveau-Brunswick
Sussex,Sussex,Town,Ville,New Brunswick,Nouveau-Brunswick
Rothesay,Rothesay,Town,Ville,New Brunswick,Nouveau-Brunswick
Quispamsis,Quispamsis,Town,Ville,New Brunswick,Nouveau-Brunswick
Riverview,Riverview,Town,Ville,New Brunswick,Nouveau-Brunswick
Sackville,Sackville,Town,Ville,New Brunswick,Nouveau-Brunswick
Moncton,Moncton,City,Cit�,New Brunswick,Nouveau-Brunswick
Dieppe,Dieppe,City,Cit�,New Brunswick,Nouveau-Brunswick
Shediac,Shediac,Town,Ville,New Brunswick,Nouveau-Brunswick
Bouctouche,Bouctouche,Town,Ville,New Brunswick,Nouveau-Brunswick
Richibucto,Richibucto,Town,Ville,New Brunswick,Nouveau-Brunswick
Miramichi,Miramichi,City,Cit�,New Brunswick,Nouveau-Brunswick
Fredericton,Fredericton,City,Cit�,New Brunswick,Nouveau-Brunswick
Nackawic,Nackawic,Town,Ville,New Brunswick,Nouveau-Brunswick
Woodstock,Woodstock,Town,Ville,New Brunswick,Nouveau-Brunswick
Hartland,Hartland,Town,Ville,New Brunswick,Nouveau-Brunswick
Florenceville-Bristol,Florenceville-Bristol,Town,Ville,New Brunswick,Nouveau-Brunswick
Grand Falls,Grand-Sault,Town,Ville,New Brunswick,Nouveau-Brunswick
Saint-L�onard,Saint-L�onard,Town,Ville,New Brunswick,Nouveau-Brunswick
Edmundston,Edmundston,City,Cit�,New Brunswick,Nouveau-Brunswick
Campbellton,Campbellton,City,Cit�,New Brunswick,Nouveau-Brunswick
Dalhousie,Dalhousie,Town,Ville,New Brunswick,Nouveau-Brunswick
Saint-Quentin,Saint-Quentin,Town,Ville,New Brunswick,Nouveau-Brunswick
Bathurst,Bathurst,City,Cit�,New Brunswick,Nouveau-Brunswick
Beresford,Beresford,Town,Ville,New Brunswick,Nouveau-Brunswick
Caraquet,Caraquet,Town,Ville,New Brunswick,Nouveau-Brunswick
Shippagan,Shippagan,Town,Ville,New Brunswick,Nouveau-Brunswick
Lam�que,Lam�que,Town,Ville,New Brunswick,Nouveau-Brunswick
Cornwall,Cornwall,City,City,Ontario,Ontario
Hawkesbury,Hawkesbury,Town,Town,Ontario,Ontario
Clarence-Rockland,Clarence-Rockland,City,Cit�,Ontario,Ontario
Ottawa,Ottawa,City,Ville,Ontario,Ontario
Prescott,Prescott,Town,Town,Ontario,Ontario
Brockville,Brockville,City,City,Ontario,Ontario
Gananoque,Gananoque,Town,Town,Ontario,Ontario
Smiths Falls,Smiths Falls,Town,Town,Ontario,Ontario
Perth,Perth,Town,Town,Ontario,Ontario
Carleton Place,Carleton Place,Town,Town,Ontario,Ontario
Mississippi Mills,Mississippi Mills,Town,Town,Ontario,Ontario
Kingston,Kingston,City,City,Ontario,Ontario
Greater Napanee,Greater Napanee,Town,Town,Ontario,Ontario
Deseronto,Deseronto,Town,Town,Ontario,Ontario
Belleville,Belleville,City,City,Ontario,Ontario
Quinte West,Quinte West,City,City,Ontario,Ontario
Bancroft,Bancroft,Town,Town,Ontario,Ontario
Prince Edward County,Prince Edward County,City,City,Ontario,Ontario
Cobourg,Cobourg,Town,Town,Ontario,Ontario
Peterborough,Peterborough,City,City,Ontario,Ontario
Kawartha Lakes,Kawartha Lakes,City,City,Ontario,Ontario
Pickering,Pickering,City,City,Ontario,Ontario
Ajax,Ajax,Town,Town,Ontario,Ontario
Whitby,Whitby,Town,Town,Ontario,Ontario
Oshawa,Oshawa,City,City,Ontario,Ontario
Vaughan,Vaughan,City,City,Ontario,Ontario
Markham,Markham,City,City,Ontario,Ontario
Richmond Hill,Richmond Hill,Town,Town,Ontario,Ontario
Whitchurch-Stouffville,Whitchurch-Stouffville,Town,Town,Ontario,Ontario
Aurora,Aurora,Town,Town,Ontario,Ontario
Newmarket,Newmarket,Town,Town,Ontario,Ontario
East Gwillimbury,East Gwillimbury,Town,Town,Ontario,Ontario
Georgina,Georgina,Town,Town,Ontario,Ontario
Toronto,Toronto,City,Cit�,Ontario,Ontario
Mississauga,Mississauga,City,City,Ontario,Ontario
Brampton,Brampton,City,City,Ontario,Ontario
Caledon,Caledon,Town,Town,Ontario,Ontario
Grand Valley,Grand Valley,Town,Town,Ontario,Ontario
Mono,Mono,Town,Town,Ontario,Ontario
Orangeville,Orangeville,Town,Town,Ontario,Ontario
Shelburne,Shelburne,Town,Town,Ontario,Ontario
Guelph,Guelph,City,City,Ontario,Ontario
Erin,Erin,Town,Town,Ontario,Ontario
Minto,Minto,Town,Town,Ontario,Ontario
Oakville,Oakville,Town,Town,Ontario,Ontario
Burlington,Burlington,City,City,Ontario,Ontario
Milton,Milton,Town,Town,Ontario,Ontario
Halton Hills,Halton Hills,Town,Town,Ontario,Ontario
Hamilton,Hamilton,City,Cit�,Ontario,Ontario
Fort Erie,Fort Erie,Town,Town,Ontario,Ontario
Port Colborne,Port Colborne,City,City,Ontario,Ontario
Pelham,Pelham,Town,Town,Ontario,Ontario
Welland,Welland,City,City,Ontario,Ontario
Thorold,Thorold,City,City,Ontario,Ontario
Niagara Falls,Niagara Falls,City,City,Ontario,Ontario
Niagara-on-the-Lake,Niagara-on-the-Lake,Town,Town,Ontario,Ontario
St. Catharines,St. Catharines,City,City,Ontario,Ontario
Lincoln,Lincoln,Town,Town,Ontario,Ontario
Grimsby,Grimsby,Town,Town,Ontario,Ontario
Haldimand County,Haldimand County,City,City,Ontario,Ontario
Norfolk County,Norfolk County,City,City,Ontario,Ontario
Brant,Brant,City,City,Ontario,Ontario
Brantford,Brantford,City,City,Ontario,Ontario
Cambridge,Cambridge,City,City,Ontario,Ontario
Kitchener,Kitchener,City,City,Ontario,Ontario
Waterloo,Waterloo,City,City,Ontario,Ontario
Stratford,Stratford,City,City,Ontario,Ontario
St. Marys,St. Marys,Town,Town,Ontario,Ontario
Tillsonburg,Tillsonburg,Town,Town,Ontario,Ontario
Ingersoll,Ingersoll,Town,Town,Ontario,Ontario
Woodstock,Woodstock,City,City,Ontario,Ontario
Aylmer,Aylmer,Town,Town,Ontario,Ontario
St. Thomas,St. Thomas,City,City,Ontario,Ontario
Kingsville,Kingsville,Town,Town,Ontario,Ontario
Essex,Essex,Town,Town,Ontario,Ontario
Amherstburg,Amherstburg,Town,Town,Ontario,Ontario
LaSalle,LaSalle,Town,Town,Ontario,Ontario
Windsor,Windsor,City,City,Ontario,Ontario
Tecumseh,Tecumseh,Town,Town,Ontario,Ontario
Lakeshore,Lakeshore,Town,Town,Ontario,Ontario
Petrolia,Petrolia,Town,Town,Ontario,Ontario
Sarnia,Sarnia,City,City,Ontario,Ontario
Plympton-Wyoming,Plympton-Wyoming,Town,Town,Ontario,Ontario
London,London,City,City,Ontario,Ontario
Goderich,Goderich,Town,Town,Ontario,Ontario
Saugeen Shores,Saugeen Shores,Town,Town,Ontario,Ontario
South Bruce Peninsula,South Bruce Peninsula,Town,Town,Ontario,Ontario
Hanover,Hanover,Town,Town,Ontario,Ontario
The Blue Mountains,The Blue Mountains,Town,Town,Ontario,Ontario
Owen Sound,Owen Sound,City,City,Ontario,Ontario
New Tecumseth,New Tecumseth,Town,Town,Ontario,Ontario
Bradford West Gwillimbury,Bradford West Gwillimbury,Town,Town,Ontario,Ontario
Innisfil,Innisfil,Town,Town,Ontario,Ontario
Collingwood,Collingwood,Town,Town,Ontario,Ontario
Barrie,Barrie,City,City,Ontario,Ontario
Orillia,Orillia,City,City,Ontario,Ontario
Wasaga Beach,Wasaga Beach,Town,Town,Ontario,Ontario
Penetanguishene,Penetanguishene,Town,Town,Ontario,Ontario
Midland,Midland,Town,Town,Ontario,Ontario
Gravenhurst,Gravenhurst,Town,Town,Ontario,Ontario
Bracebridge,Bracebridge,Town,Town,Ontario,Ontario
Huntsville,Huntsville,Town,Town,Ontario,Ontario
Arnprior,Arnprior,Town,Town,Ontario,Ontario
Renfrew,Renfrew,Town,Town,Ontario,Ontario
Pembroke,Pembroke,City,City,Ontario,Ontario
Petawawa,Petawawa,Town,Town,Ontario,Ontario
Laurentian Hills,Laurentian Hills,Town,Town,Ontario,Ontario
Deep River,Deep River,Town,Town,Ontario,Ontario
Mattawa,Mattawa,Town,Town,Ontario,Ontario
North Bay,North Bay,City,City,Ontario,Ontario
Kearney,Kearney,Town,Town,Ontario,Ontario
Parry Sound,Parry Sound,Town,Town,Ontario,Ontario
Gore Bay,Gore Bay,Town,Town,Ontario,Ontario
Espanola,Espanola,Town,Town,Ontario,Ontario
Greater Sudbury,Grand Sudbury,City,Ville,Ontario,Ontario
Latchford,Latchford,Town,Town,Ontario,Ontario
Cobalt,Cobalt,Town,Town,Ontario,Ontario
Temiskaming Shores,Temiskaming Shores,City,City,Ontario,Ontario
Englehart,Englehart,Town,Town,Ontario,Ontario
Kirkland Lake,Kirkland Lake,Town,Town,Ontario,Ontario
Timmins,Timmins,City,City,Ontario,Ontario
Iroquois Falls,Iroquois Falls,Town,Town,Ontario,Ontario
Cochrane,Cochrane,Town,Town,Ontario,Ontario
Smooth Rock Falls,Smooth Rock Falls,Town,Town,Ontario,Ontario
Kapuskasing,Kapuskasing,Town,Town,Ontario,Ontario
Hearst,Hearst,Town,Town,Ontario,Ontario
Moosonee,Moosonee,Town,Ville,Ontario,Ontario
Bruce Mines,Bruce Mines,Town,Town,Ontario,Ontario
Thessalon,Thessalon,Town,Town,Ontario,Ontario
Blind River,Blind River,Town,Town,Ontario,Ontario
Spanish,Spanish,Town,Town,Ontario,Ontario
Elliot Lake,Elliot Lake,City,City,Ontario,Ontario
Sault Ste. Marie,Sault Ste. Marie,City,City,Ontario,Ontario
Thunder Bay,Thunder Bay,City,City,Ontario,Ontario
Marathon,Marathon,Town,Town,Ontario,Ontario
Atikokan,Atikokan,Town,Town,Ontario,Ontario
Fort Frances,Fort Frances,Town,Town,Ontario,Ontario
Rainy River,Rainy River,Town,Town,Ontario,Ontario
Kenora,Kenora,City,City,Ontario,Ontario
Dryden,Dryden,City,City,Ontario,Ontario
Lac du Bonnet,Lac du Bonnet,Town,Town,Manitoba,Manitoba
Powerview-Pine Falls,Powerview-Pine Falls,Town,Town,Manitoba,Manitoba
Steinbach,Steinbach,City,City,Manitoba,Manitoba
Niverville,Niverville,Town,Town,Manitoba,Manitoba
Ste. Anne,Ste. Anne,Town,Town,Manitoba,Manitoba
Altona,Altona,Town,Town,Manitoba,Manitoba
Winkler,Winkler,City,City,Manitoba,Manitoba
Morden,Morden,City,City,Manitoba,Manitoba
Morris,Morris,Town,Town,Manitoba,Manitoba
Carman,Carman,Town,Town,Manitoba,Manitoba
Melita,Melita,Town,Town,Manitoba,Manitoba
Virden,Virden,Town,Town,Manitoba,Manitoba
Brandon,Brandon,City,City,Manitoba,Manitoba
Carberry,Carberry,Town,Town,Manitoba,Manitoba
Portage la Prairie,Portage la Prairie,City,City,Manitoba,Manitoba
Winnipeg,Winnipeg,City,City,Manitoba,Manitoba
Beausejour,Beausejour,Town,Town,Manitoba,Manitoba
Selkirk,Selkirk,City,City,Manitoba,Manitoba
Stonewall,Stonewall,Town,Town,Manitoba,Manitoba
Teulon,Teulon,Town,Town,Manitoba,Manitoba
Neepawa,Neepawa,Town,Town,Manitoba,Manitoba
Minnedosa,Minnedosa,Town,Town,Manitoba,Manitoba
Dauphin,Dauphin,City,City,Manitoba,Manitoba
Winnipeg Beach,Winnipeg Beach,Town,Town,Manitoba,Manitoba
Arborg,Arborg,Town,Town,Manitoba,Manitoba
Swan River,Swan River,Town,Town,Manitoba,Manitoba
Grand Rapids,Grand Rapids,Town,Town,Manitoba,Manitoba
The Pas,The Pas,Town,Town,Manitoba,Manitoba
Flin Flon (Part),Flin Flon (Part),City,City,Manitoba,Manitoba
Snow Lake,Snow Lake,Town,Town,Manitoba,Manitoba
Thompson,Thompson,City,City,Manitoba,Manitoba
Gillam,Gillam,Town,Town,Manitoba,Manitoba
Leaf Rapids,Leaf Rapids,Town,Town,Manitoba,Manitoba
Lynn Lake,Lynn Lake,Town,Town,Manitoba,Manitoba
Churchill,Churchill,Town,Town,Manitoba,Manitoba
Carnduff,Carnduff,Town,Town,Saskatchewan,Saskatchewan
Oxbow,Oxbow,Town,Town,Saskatchewan,Saskatchewan
Bienfait,Bienfait,Town,Town,Saskatchewan,Saskatchewan
Estevan,Estevan,City,City,Saskatchewan,Saskatchewan
Lampman,Lampman,Town,Town,Saskatchewan,Saskatchewan
Alameda,Alameda,Town,Town,Saskatchewan,Saskatchewan
Redvers,Redvers,Town,Town,Saskatchewan,Saskatchewan
Carlyle,Carlyle,Town,Town,Saskatchewan,Saskatchewan
Arcola,Arcola,Town,Town,Saskatchewan,Saskatchewan
Stoughton,Stoughton,Town,Town,Saskatchewan,Saskatchewan
Wawota,Wawota,Town,Town,Saskatchewan,Saskatchewan
Bengough,Bengough,Town,Town,Saskatchewan,Saskatchewan
Radville,Radville,Town,Town,Saskatchewan,Saskatchewan
Midale,Midale,Town,Town,Saskatchewan,Saskatchewan
Weyburn,Weyburn,City,City,Saskatchewan,Saskatchewan
Ogema,Ogema,Town,Town,Saskatchewan,Saskatchewan
Milestone,Milestone,Town,Town,Saskatchewan,Saskatchewan
Yellow Grass,Yellow Grass,Town,Town,Saskatchewan,Saskatchewan
Coronach,Coronach,Town,Town,Saskatchewan,Saskatchewan
Rockglen,Rockglen,Town,Town,Saskatchewan,Saskatchewan
Willow Bunch,Willow Bunch,Town,Town,Saskatchewan,Saskatchewan
Assiniboia,Assiniboia,Town,Town,Saskatchewan,Saskatchewan
Lafleche,Lafleche,Town,Town,Saskatchewan,Saskatchewan
Ponteix,Ponteix,Town,Town,Saskatchewan,Saskatchewan
Gravelbourg,Gravelbourg,Town,Town,Saskatchewan,Saskatchewan
Mossbank,Mossbank,Town,Town,Saskatchewan,Saskatchewan
Eastend,Eastend,Town,Town,Saskatchewan,Saskatchewan
Shaunavon,Shaunavon,Town,Town,Saskatchewan,Saskatchewan
Maple Creek,Maple Creek,Town,Town,Saskatchewan,Saskatchewan
Fleming,Fleming,Town,Town,Saskatchewan,Saskatchewan
Moosomin,Moosomin,Town,Town,Saskatchewan,Saskatchewan
Wapella,Wapella,Town,Town,Saskatchewan,Saskatchewan
Kipling,Kipling,Town,Town,Saskatchewan,Saskatchewan
Wolseley,Wolseley,Town,Town,Saskatchewan,Saskatchewan
Grenfell,Grenfell,Town,Town,Saskatchewan,Saskatchewan
Broadview,Broadview,Town,Town,Saskatchewan,Saskatchewan
Whitewood,Whitewood,Town,Town,Saskatchewan,Saskatchewan
Rocanville,Rocanville,Town,Town,Saskatchewan,Saskatchewan
Langenburg,Langenburg,Town,Town,Saskatchewan,Saskatchewan
Esterhazy,Esterhazy,Town,Town,Saskatchewan,Saskatchewan
Lemberg,Lemberg,Town,Town,Saskatchewan,Saskatchewan
Melville,Melville,City,City,Saskatchewan,Saskatchewan
Saltcoats,Saltcoats,Town,Town,Saskatchewan,Saskatchewan
Bredenbury,Bredenbury,Town,Town,Saskatchewan,Saskatchewan
Churchbridge,Churchbridge,Town,Town,Saskatchewan,Saskatchewan
Francis,Francis,Town,Town,Saskatchewan,Saskatchewan
Rouleau,Rouleau,Town,Town,Saskatchewan,Saskatchewan
Pense,Pense,Town,Town,Saskatchewan,Saskatchewan
Regina,Regina,City,City,Saskatchewan,Saskatchewan
White City,White City,Town,Town,Saskatchewan,Saskatchewan
Pilot Butte,Pilot Butte,Town,Town,Saskatchewan,Saskatchewan
Balgonie,Balgonie,Town,Town,Saskatchewan,Saskatchewan
Qu'Appelle,Qu'Appelle,Town,Town,Saskatchewan,Saskatchewan
Indian Head,Indian Head,Town,Town,Saskatchewan,Saskatchewan
Sintaluta,Sintaluta,Town,Town,Saskatchewan,Saskatchewan
Balcarres,Balcarres,Town,Town,Saskatchewan,Saskatchewan
Fort Qu'Appelle,Fort Qu'Appelle,Town,Town,Saskatchewan,Saskatchewan
Lumsden,Lumsden,Town,Town,Saskatchewan,Saskatchewan
Regina Beach,Regina Beach,Town,Town,Saskatchewan,Saskatchewan
Strasbourg,Strasbourg,Town,Town,Saskatchewan,Saskatchewan
Southey,Southey,Town,Town,Saskatchewan,Saskatchewan
Cupar,Cupar,Town,Town,Saskatchewan,Saskatchewan
Herbert,Herbert,Town,Town,Saskatchewan,Saskatchewan
Morse,Morse,Town,Town,Saskatchewan,Saskatchewan
Moose Jaw,Moose Jaw,City,City,Saskatchewan,Saskatchewan
Central Butte,Central Butte,Town,Town,Saskatchewan,Saskatchewan
Craik,Craik,Town,Town,Saskatchewan,Saskatchewan
Swift Current,Swift Current,City,City,Saskatchewan,Saskatchewan
Gull Lake,Gull Lake,Town,Town,Saskatchewan,Saskatchewan
Cabri,Cabri,Town,Town,Saskatchewan,Saskatchewan
Kyle,Kyle,Town,Town,Saskatchewan,Saskatchewan
Leader,Leader,Town,Town,Saskatchewan,Saskatchewan
Burstall,Burstall,Town,Town,Saskatchewan,Saskatchewan
Eatonia,Eatonia,Town,Town,Saskatchewan,Saskatchewan
Eston,Eston,Town,Town,Saskatchewan,Saskatchewan
Elrose,Elrose,Town,Town,Saskatchewan,Saskatchewan
Yorkton,Yorkton,City,City,Saskatchewan,Saskatchewan
Springside,Springside,Town,Town,Saskatchewan,Saskatchewan
Canora,Canora,Town,Town,Saskatchewan,Saskatchewan
Kamsack,Kamsack,Town,Town,Saskatchewan,Saskatchewan
Preeceville,Preeceville,Town,Town,Saskatchewan,Saskatchewan
Sturgis,Sturgis,Town,Town,Saskatchewan,Saskatchewan
Norquay,Norquay,Town,Town,Saskatchewan,Saskatchewan
Ituna,Ituna,Town,Town,Saskatchewan,Saskatchewan
Raymore,Raymore,Town,Town,Saskatchewan,Saskatchewan
Foam Lake,Foam Lake,Town,Town,Saskatchewan,Saskatchewan
Wynyard,Wynyard,Town,Town,Saskatchewan,Saskatchewan
Leroy,Leroy,Town,Town,Saskatchewan,Saskatchewan
Watson,Watson,Town,Town,Saskatchewan,Saskatchewan
Wadena,Wadena,Town,Town,Saskatchewan,Saskatchewan
Govan,Govan,Town,Town,Saskatchewan,Saskatchewan
Imperial,Imperial,Town,Town,Saskatchewan,Saskatchewan
Davidson,Davidson,Town,Town,Saskatchewan,Saskatchewan
Outlook,Outlook,Town,Town,Saskatchewan,Saskatchewan
Hanley,Hanley,Town,Town,Saskatchewan,Saskatchewan
Nokomis,Nokomis,Town,Town,Saskatchewan,Saskatchewan
Lanigan,Lanigan,Town,Town,Saskatchewan,Saskatchewan
Watrous,Watrous,Town,Town,Saskatchewan,Saskatchewan
Dundurn,Dundurn,Town,Town,Saskatchewan,Saskatchewan
Saskatoon,Saskatoon,City,City,Saskatchewan,Saskatchewan
Langham,Langham,Town,Town,Saskatchewan,Saskatchewan
Warman,Warman,City,City,Saskatchewan,Saskatchewan
Martensville,Martensville,City,City,Saskatchewan,Saskatchewan
Allan,Allan,Town,Town,Saskatchewan,Saskatchewan
Dalmeny,Dalmeny,Town,Town,Saskatchewan,Saskatchewan
Osler,Osler,Town,Town,Saskatchewan,Saskatchewan
Colonsay,Colonsay,Town,Town,Saskatchewan,Saskatchewan
Rosetown,Rosetown,Town,Town,Saskatchewan,Saskatchewan
Zealandia,Zealandia,Town,Town,Saskatchewan,Saskatchewan
Biggar,Biggar,Town,Town,Saskatchewan,Saskatchewan
Delisle,Delisle,Town,Town,Saskatchewan,Saskatchewan
Asquith,Asquith,Town,Town,Saskatchewan,Saskatchewan
Battleford,Battleford,Town,Town,Saskatchewan,Saskatchewan
Kindersley,Kindersley,Town,Town,Saskatchewan,Saskatchewan
Kerrobert,Kerrobert,Town,Town,Saskatchewan,Saskatchewan
Luseland,Luseland,Town,Town,Saskatchewan,Saskatchewan
Macklin,Macklin,Town,Town,Saskatchewan,Saskatchewan
Scott,Scott,Town,Town,Saskatchewan,Saskatchewan
Wilkie,Wilkie,Town,Town,Saskatchewan,Saskatchewan
Unity,Unity,Town,Town,Saskatchewan,Saskatchewan
Cut Knife,Cut Knife,Town,Town,Saskatchewan,Saskatchewan
Hudson Bay,Hudson Bay,Town,Town,Saskatchewan,Saskatchewan
Porcupine Plain,Porcupine Plain,Town,Town,Saskatchewan,Saskatchewan
Kelvington,Kelvington,Town,Town,Saskatchewan,Saskatchewan
Rose Valley,Rose Valley,Town,Town,Saskatchewan,Saskatchewan
Naicam,Naicam,Town,Town,Saskatchewan,Saskatchewan
Tisdale,Tisdale,Town,Town,Saskatchewan,Saskatchewan
Star City,Star City,Town,Town,Saskatchewan,Saskatchewan
Melfort,Melfort,City,City,Saskatchewan,Saskatchewan
Arborfield,Arborfield,Town,Town,Saskatchewan,Saskatchewan
Carrot River,Carrot River,Town,Town,Saskatchewan,Saskatchewan
Nipawin,Nipawin,Town,Town,Saskatchewan,Saskatchewan
Choiceland,Choiceland,Town,Town,Saskatchewan,Saskatchewan
Humboldt,Humboldt,City,City,Saskatchewan,Saskatchewan
Bruno,Bruno,Town,Town,Saskatchewan,Saskatchewan
Vonda,Vonda,Town,Town,Saskatchewan,Saskatchewan
Aberdeen,Aberdeen,Town,Town,Saskatchewan,Saskatchewan
Hepburn,Hepburn,Town,Town,Saskatchewan,Saskatchewan
Waldheim,Waldheim,Town,Town,Saskatchewan,Saskatchewan
Rosthern,Rosthern,Town,Town,Saskatchewan,Saskatchewan
Hague,Hague,Town,Town,Saskatchewan,Saskatchewan
Cudworth,Cudworth,Town,Town,Saskatchewan,Saskatchewan
Wakaw,Wakaw,Town,Town,Saskatchewan,Saskatchewan
St. Brieux,St. Brieux,Town,Town,Saskatchewan,Saskatchewan
Duck Lake,Duck Lake,Town,Town,Saskatchewan,Saskatchewan
Prince Albert,Prince Albert,City,City,Saskatchewan,Saskatchewan
Birch Hills,Birch Hills,Town,Town,Saskatchewan,Saskatchewan
Kinistino,Kinistino,Town,Town,Saskatchewan,Saskatchewan
Radisson,Radisson,Town,Town,Saskatchewan,Saskatchewan
Blaine Lake,Blaine Lake,Town,Town,Saskatchewan,Saskatchewan
Hafford,Hafford,Town,Town,Saskatchewan,Saskatchewan
North Battleford,North Battleford,City,City,Saskatchewan,Saskatchewan
Shellbrook,Shellbrook,Town,Town,Saskatchewan,Saskatchewan
Spiritwood,Spiritwood,Town,Town,Saskatchewan,Saskatchewan
Big River,Big River,Town,Town,Saskatchewan,Saskatchewan
Maidstone,Maidstone,Town,Town,Saskatchewan,Saskatchewan
Lashburn,Lashburn,Town,Town,Saskatchewan,Saskatchewan
Marshall,Marshall,Town,Town,Saskatchewan,Saskatchewan
Lloydminster (Part),Lloydminster (Part),City,City,Saskatchewan,Saskatchewan
St. Walburg,St. Walburg,Town,Town,Saskatchewan,Saskatchewan
Turtleford,Turtleford,Town,Town,Saskatchewan,Saskatchewan
Meadow Lake,Meadow Lake,City,City,Saskatchewan,Saskatchewan
La Ronge,La Ronge,Town,Town,Saskatchewan,Saskatchewan
Creighton,Creighton,Town,Town,Saskatchewan,Saskatchewan
Flin Flon (Part),Flin Flon (Part),City,City,Saskatchewan,Saskatchewan
Medicine Hat,Medicine Hat,City,City,Alberta,Alberta
Bow Island,Bow Island,Town,Town,Alberta,Alberta
Redcliff,Redcliff,Town,Town,Alberta,Alberta
Milk River,Milk River,Town,Town,Alberta,Alberta
Raymond,Raymond,Town,Town,Alberta,Alberta
Lethbridge,Lethbridge,City,City,Alberta,Alberta
Coalhurst,Coalhurst,Town,Town,Alberta,Alberta
Picture Butte,Picture Butte,Town,Town,Alberta,Alberta
Coaldale,Coaldale,Town,Town,Alberta,Alberta
Taber,Taber,Town,Town,Alberta,Alberta
Vauxhall,Vauxhall,Town,Town,Alberta,Alberta
Brooks,Brooks,City,City,Alberta,Alberta
Bassano,Bassano,Town,Town,Alberta,Alberta
Magrath,Magrath,Town,Town,Alberta,Alberta
Cardston,Cardston,Town,Town,Alberta,Alberta
Pincher Creek,Pincher Creek,Town,Town,Alberta,Alberta
Fort Macleod,Fort Macleod,Town,Town,Alberta,Alberta
Granum,Granum,Town,Town,Alberta,Alberta
Claresholm,Claresholm,Town,Town,Alberta,Alberta
Stavely,Stavely,Town,Town,Alberta,Alberta
Nanton,Nanton,Town,Town,Alberta,Alberta
Hanna,Hanna,Town,Town,Alberta,Alberta
Oyen,Oyen,Town,Town,Alberta,Alberta
Vulcan,Vulcan,Town,Town,Alberta,Alberta
Strathmore,Strathmore,Town,Town,Alberta,Alberta
Drumheller,Drumheller,Town,Town,Alberta,Alberta
Three Hills,Three Hills,Town,Town,Alberta,Alberta
Trochu,Trochu,Town,Town,Alberta,Alberta
High River,High River,Town,Town,Alberta,Alberta
Turner Valley,Turner Valley,Town,Town,Alberta,Alberta
Black Diamond,Black Diamond,Town,Town,Alberta,Alberta
Okotoks,Okotoks,Town,Town,Alberta,Alberta
Calgary,Calgary,City,City,Alberta,Alberta
Chestermere,Chestermere,City,City,Alberta,Alberta
Cochrane,Cochrane,Town,Town,Alberta,Alberta
Airdrie,Airdrie,City,City,Alberta,Alberta
Irricana,Irricana,Town,Town,Alberta,Alberta
Crossfield,Crossfield,Town,Town,Alberta,Alberta
Carstairs,Carstairs,Town,Town,Alberta,Alberta
Didsbury,Didsbury,Town,Town,Alberta,Alberta
Olds,Olds,Town,Town,Alberta,Alberta
Sundre,Sundre,Town,Town,Alberta,Alberta
Provost,Provost,Town,Town,Alberta,Alberta
Coronation,Coronation,Town,Town,Alberta,Alberta
Castor,Castor,Town,Town,Alberta,Alberta
Stettler,Stettler,Town,Town,Alberta,Alberta
Daysland,Daysland,Town,Town,Alberta,Alberta
Killam,Killam,Town,Town,Alberta,Alberta
Sedgewick,Sedgewick,Town,Town,Alberta,Alberta
Hardisty,Hardisty,Town,Town,Alberta,Alberta
Wainwright,Wainwright,Town,Town,Alberta,Alberta
Bowden,Bowden,Town,Town,Alberta,Alberta
Innisfail,Innisfail,Town,Town,Alberta,Alberta
Penhold,Penhold,Town,Town,Alberta,Alberta
Red Deer,Red Deer,City,City,Alberta,Alberta
Sylvan Lake,Sylvan Lake,Town,Town,Alberta,Alberta
Eckville,Eckville,Town,Town,Alberta,Alberta
Bentley,Bentley,Town,Town,Alberta,Alberta
Blackfalds,Blackfalds,Town,Town,Alberta,Alberta
Lacombe,Lacombe,City,City,Alberta,Alberta
Ponoka,Ponoka,Town,Town,Alberta,Alberta
Rimbey,Rimbey,Town,Town,Alberta,Alberta
Rocky Mountain House,Rocky Mountain House,Town,Town,Alberta,Alberta
Bashaw,Bashaw,Town,Town,Alberta,Alberta
Camrose,Camrose,City,City,Alberta,Alberta
Tofield,Tofield,Town,Town,Alberta,Alberta
Viking,Viking,Town,Town,Alberta,Alberta
Vegreville,Vegreville,Town,Town,Alberta,Alberta
Lloydminster (Part),Lloydminster (Part),City,City,Alberta,Alberta
Vermilion,Vermilion,Town,Town,Alberta,Alberta
Two Hills,Two Hills,Town,Town,Alberta,Alberta
Mundare,Mundare,Town,Town,Alberta,Alberta
Lamont,Lamont,Town,Town,Alberta,Alberta
Bruderheim,Bruderheim,Town,Town,Alberta,Alberta
Wetaskiwin,Wetaskiwin,City,City,Alberta,Alberta
Millet,Millet,Town,Town,Alberta,Alberta
Beaumont,Beaumont,Town,Town,Alberta,Alberta
Leduc,Leduc,City,City,Alberta,Alberta
Devon,Devon,Town,Town,Alberta,Alberta
Calmar,Calmar,Town,Town,Alberta,Alberta
Drayton Valley,Drayton Valley,Town,Town,Alberta,Alberta
Stony Plain,Stony Plain,Town,Town,Alberta,Alberta
Spruce Grove,Spruce Grove,City,City,Alberta,Alberta
Fort Saskatchewan,Fort Saskatchewan,City,City,Alberta,Alberta
Edmonton,Edmonton,City,City,Alberta,Alberta
St. Albert,St. Albert,City,City,Alberta,Alberta
Gibbons,Gibbons,Town,Town,Alberta,Alberta
Redwater,Redwater,Town,Town,Alberta,Alberta
Bon Accord,Bon Accord,Town,Town,Alberta,Alberta
Morinville,Morinville,Town,Town,Alberta,Alberta
Legal,Legal,Town,Town,Alberta,Alberta
Cold Lake,Cold Lake,City,City,Alberta,Alberta
Bonnyville,Bonnyville,Town,Town,Alberta,Alberta
Elk Point,Elk Point,Town,Town,Alberta,Alberta
St. Paul,St. Paul,Town,Town,Alberta,Alberta
Smoky Lake,Smoky Lake,Town,Town,Alberta,Alberta
Mayerthorpe,Mayerthorpe,Town,Town,Alberta,Alberta
Onoway,Onoway,Town,Town,Alberta,Alberta
Barrhead,Barrhead,Town,Town,Alberta,Alberta
Whitecourt,Whitecourt,Town,Town,Alberta,Alberta
Westlock,Westlock,Town,Town,Alberta,Alberta
Athabasca,Athabasca,Town,Town,Alberta,Alberta
Hinton,Hinton,Town,Town,Alberta,Alberta
Edson,Edson,Town,Town,Alberta,Alberta
Canmore,Canmore,Town,Town,Alberta,Alberta
Banff,Banff,Town,Town,Alberta,Alberta
High Prairie,High Prairie,Town,Town,Alberta,Alberta
Swan Hills,Swan Hills,Town,Town,Alberta,Alberta
Slave Lake,Slave Lake,Town,Town,Alberta,Alberta
Manning,Manning,Town,Town,Alberta,Alberta
High Level,High Level,Town,Town,Alberta,Alberta
Rainbow Lake,Rainbow Lake,Town,Town,Alberta,Alberta
Fox Creek,Fox Creek,Town,Town,Alberta,Alberta
Grande Cache,Grande Cache,Town,Town,Alberta,Alberta
Valleyview,Valleyview,Town,Town,Alberta,Alberta
Beaverlodge,Beaverlodge,Town,Town,Alberta,Alberta
Wembley,Wembley,Town,Town,Alberta,Alberta
Grande Prairie,Grande Prairie,City,City,Alberta,Alberta
Sexsmith,Sexsmith,Town,Town,Alberta,Alberta
Peace River,Peace River,Town,Town,Alberta,Alberta
McLennan,McLennan,Town,Town,Alberta,Alberta
Falher,Falher,Town,Town,Alberta,Alberta
Spirit River,Spirit River,Town,Town,Alberta,Alberta
Fairview,Fairview,Town,Town,Alberta,Alberta
Grimshaw,Grimshaw,Town,Town,Alberta,Alberta
Fernie,Fernie,City,City,British Columbia,Colombie-Britannique
Cranbrook,Cranbrook,City,City,British Columbia,Colombie-Britannique
Kimberley,Kimberley,City,City,British Columbia,Colombie-Britannique
Creston,Creston,Town,Town,British Columbia,Colombie-Britannique
Nelson,Nelson,City,City,British Columbia,Colombie-Britannique
Castlegar,Castlegar,City,City,British Columbia,Colombie-Britannique
Trail,Trail,City,City,British Columbia,Colombie-Britannique
Rossland,Rossland,City,City,British Columbia,Colombie-Britannique
Grand Forks,Grand Forks,City,City,British Columbia,Colombie-Britannique
Greenwood,Greenwood,City,City,British Columbia,Colombie-Britannique
Osoyoos,Osoyoos,Town,Town,British Columbia,Colombie-Britannique
Oliver,Oliver,Town,Town,British Columbia,Colombie-Britannique
Princeton,Princeton,Town,Town,British Columbia,Colombie-Britannique
Penticton,Penticton,City,City,British Columbia,Colombie-Britannique
Chilliwack,Chilliwack,City,City,British Columbia,Colombie-Britannique
Abbotsford,Abbotsford,City,City,British Columbia,Colombie-Britannique
Langley,Langley,City,City,British Columbia,Colombie-Britannique
Surrey,Surrey,City,City,British Columbia,Colombie-Britannique
White Rock,White Rock,City,City,British Columbia,Colombie-Britannique
Richmond,Richmond,City,City,British Columbia,Colombie-Britannique
Vancouver,Vancouver,City,City,British Columbia,Colombie-Britannique
Burnaby,Burnaby,City,City,British Columbia,Colombie-Britannique
New Westminster,New Westminster,City,City,British Columbia,Colombie-Britannique
Coquitlam,Coquitlam,City,City,British Columbia,Colombie-Britannique
Port Coquitlam,Port Coquitlam,City,City,British Columbia,Colombie-Britannique
Port Moody,Port Moody,City,City,British Columbia,Colombie-Britannique
North Vancouver,North Vancouver,City,City,British Columbia,Colombie-Britannique
Pitt Meadows,Pitt Meadows,City,City,British Columbia,Colombie-Britannique
Maple Ridge,Maple Ridge,City,City,British Columbia,Colombie-Britannique
Sidney,Sidney,Town,Town,British Columbia,Colombie-Britannique
Victoria,Victoria,City,City,British Columbia,Colombie-Britannique
Colwood,Colwood,City,City,British Columbia,Colombie-Britannique
Langford,Langford,City,City,British Columbia,Colombie-Britannique
View Royal,View Royal,Town,Town,British Columbia,Colombie-Britannique
Duncan,Duncan,City,City,British Columbia,Colombie-Britannique
Lake Cowichan,Lake Cowichan,Town,Town,British Columbia,Colombie-Britannique
Ladysmith,Ladysmith,Town,Town,British Columbia,Colombie-Britannique
Nanaimo,Nanaimo,City,City,British Columbia,Colombie-Britannique
Parksville,Parksville,City,City,British Columbia,Colombie-Britannique
Qualicum Beach,Qualicum Beach,Town,Town,British Columbia,Colombie-Britannique
Port Alberni,Port Alberni,City,City,British Columbia,Colombie-Britannique
Campbell River,Campbell River,City,City,British Columbia,Colombie-Britannique
Comox,Comox,Town,Town,British Columbia,Colombie-Britannique
Courtenay,Courtenay,City,City,British Columbia,Colombie-Britannique
Powell River,Powell River,City,City,British Columbia,Colombie-Britannique
Gibsons,Gibsons,Town,Town,British Columbia,Colombie-Britannique
Merritt,Merritt,City,City,British Columbia,Colombie-Britannique
Kamloops,Kamloops,City,City,British Columbia,Colombie-Britannique
Kelowna,Kelowna,City,City,British Columbia,Colombie-Britannique
Vernon,Vernon,City,City,British Columbia,Colombie-Britannique
Armstrong,Armstrong,City,City,British Columbia,Colombie-Britannique
Enderby,Enderby,City,City,British Columbia,Colombie-Britannique
Golden,Golden,Town,Town,British Columbia,Colombie-Britannique
Revelstoke,Revelstoke,City,City,British Columbia,Colombie-Britannique
Salmon Arm,Salmon Arm,City,City,British Columbia,Colombie-Britannique
Williams Lake,Williams Lake,City,City,British Columbia,Colombie-Britannique
Quesnel,Quesnel,City,City,British Columbia,Colombie-Britannique
Port McNeill,Port McNeill,Town,Town,British Columbia,Colombie-Britannique
Prince Rupert,Prince Rupert,City,City,British Columbia,Colombie-Britannique
Terrace,Terrace,City,City,British Columbia,Colombie-Britannique
Smithers,Smithers,Town,Town,British Columbia,Colombie-Britannique
Prince George,Prince George,City,City,British Columbia,Colombie-Britannique
Dawson Creek,Dawson Creek,City,City,British Columbia,Colombie-Britannique
Fort St. John,Fort St. John,City,City,British Columbia,Colombie-Britannique
Watson Lake,Watson Lake,Town,Town,Yukon,Yukon
Faro,Faro,Town,Town,Yukon,Yukon
Whitehorse,Whitehorse,City,City,Yukon,Yukon
Dawson,Dawson,Town,Town,Yukon,Yukon
Inuvik,Inuvik,Town,Town,Northwest Territories,Territoires du Nord-Ouest
Norman Wells,Norman Wells,Town,Town,Northwest Territories,Territoires du Nord-Ouest
Fort Smith,Fort Smith,Town,Town,Northwest Territories,Territoires du Nord-Ouest
Hay River,Hay River,Town,Town,Northwest Territories,Territoires du Nord-Ouest
Yellowknife,Yellowknife,City,City,Northwest Territories,Territoires du Nord-Ouest
Iqaluit,Iqaluit,City,City,Nunavut,Nunavut
